pid,first_name,last_name,email,gender,ip_address
1,Walker,Goulborne,wgoulborne0@hugedomains.com,Male,115.61.192.112
2,Shirl,Binns,sbinns1@usatoday.com,Female,150.244.148.137
3,Valle,Bresnen,vbresnen2@tuttocitta.it,Male,160.27.106.126
4,Nanete,McCraw,nmccraw3@jimdo.com,Female,249.161.134.96
5,Aliza,Pickard,apickard4@webnode.com,Female,173.82.96.100
6,Gabi,Seaward,gseaward5@google.com.hk,Female,140.101.195.124
7,Carina,Quilligan,cquilligan6@ibm.com,Female,238.217.175.222
8,Andee,Foker,afoker7@slideshare.net,Female,172.126.247.87
9,Kin,Menhci,kmenhci8@about.com,Male,200.123.107.184
10,Ede,Sawle,esawle9@slashdot.org,Female,37.72.22.111
11,Ephrem,Mulcaster,emulcastera@163.com,Male,121.1.82.240
12,Lucila,Rappa,lrappab@umich.edu,Female,2.105.106.147
13,Audrye,Rowden,arowdenc@behance.net,Female,131.144.239.144
14,Rossy,Muggach,rmuggachd@vk.com,Male,57.34.229.215
15,Bartholemy,Winsbury,bwinsburye@cocolog-nifty.com,Male,127.204.137.26
16,Aylmar,Walbrook,awalbrookf@icio.us,Male,42.61.168.11
17,Tyson,Langham,tlanghamg@wikia.com,Male,113.125.245.57
18,Melesa,Beddie,mbeddieh@ox.ac.uk,Female,40.34.148.189
19,Lind,Kollaschek,lkollascheki@geocities.com,Female,202.13.11.199
20,Sullivan,Flaune,sflaunej@dion.ne.jp,Male,90.197.141.112
21,Leroy,Longlands,llonglandsk@answers.com,Male,129.108.56.146
22,Clim,Kynston,ckynstonl@gizmodo.com,Male,5.224.32.36
23,Janna,Giorgeschi,jgiorgeschim@cargocollective.com,Female,151.92.119.1
24,Aeriell,Vasovic,avasovicn@census.gov,Female,192.117.59.255
25,Clem,Theml,cthemlo@springer.com,Female,107.247.209.191
26,Cary,Wong,cwongp@biblegateway.com,Female,32.153.146.71
27,Pooh,Udden,puddenq@comcast.net,Male,214.102.38.170
28,Odelia,Deddum,odeddumr@hhs.gov,Female,68.212.90.153
29,Alano,Yakuntsov,ayakuntsovs@un.org,Male,37.170.158.129
30,Konstanze,Colquite,kcolquitet@addtoany.com,Female,222.97.47.158
31,Paulina,Peto,ppetou@sakura.ne.jp,Female,237.88.216.180
32,Justino,Quiddinton,jquiddintonv@tuttocitta.it,Male,203.198.199.108
33,Shamus,Thurske,sthurskew@behance.net,Male,56.228.221.110
34,Delilah,Eidelman,deidelmanx@oaic.gov.au,Female,167.15.101.81
35,Bernard,Peverell,bpeverelly@rambler.ru,Male,175.153.168.190
36,Dania,Goldbourn,dgoldbournz@meetup.com,Female,149.42.41.16
37,Davidde,Megainey,dmegainey10@umich.edu,Male,224.72.238.26
38,Karen,Hamon,khamon11@theatlantic.com,Female,30.172.13.91
39,Seline,MacGarvey,smacgarvey12@intel.com,Female,14.37.219.252
40,Poul,Sustin,psustin13@sun.com,Male,253.206.72.170
41,Kinna,Plaunch,kplaunch14@php.net,Female,54.38.116.166
42,Wynn,Dennitts,wdennitts15@un.org,Male,41.224.16.142
43,Aubine,Rallinshaw,arallinshaw16@cornell.edu,Female,50.212.114.134
44,Alida,Higgonet,ahiggonet17@fda.gov,Female,243.42.49.107
45,Wolfie,Izacenko,wizacenko18@techcrunch.com,Male,31.249.233.35
46,Barty,Baude,bbaude19@prnewswire.com,Male,235.11.66.171
47,Milzie,Turville,mturville1a@dedecms.com,Female,156.103.119.38
48,Virgina,Sherrin,vsherrin1b@prlog.org,Female,149.221.9.68
49,Bea,Meriott,bmeriott1c@blogger.com,Female,255.95.150.191
50,Thekla,McMyler,tmcmyler1d@dyndns.org,Female,106.37.194.39
51,Gay,Woodgate,gwoodgate1e@facebook.com,Male,62.129.231.187
52,Florella,Galle,fgalle1f@nsw.gov.au,Female,7.134.53.108
53,Kellen,Allport,kallport1g@sitemeter.com,Male,249.175.134.191
54,Waring,Fickling,wfickling1h@eepurl.com,Male,175.225.208.125
55,Benedikt,Bischof,bbischof1i@cafepress.com,Male,159.100.25.54
56,Caresa,Doale,cdoale1j@gmpg.org,Female,191.15.134.130
57,Tiff,Brahan,tbrahan1k@liveinternet.ru,Female,111.85.191.168
58,Iago,Radford,iradford1l@google.com,Male,235.241.178.186
59,Willyt,Barltrop,wbarltrop1m@studiopress.com,Female,50.25.229.21
60,Brandon,Shooter,bshooter1n@paypal.com,Male,115.134.42.81
61,Issiah,London,ilondon1o@wsj.com,Male,11.111.174.96
62,Lind,Manske,lmanske1p@goo.gl,Female,85.60.127.58
63,Tomasina,Fawdrie,tfawdrie1q@abc.net.au,Female,192.219.133.119
64,Candis,Balmforth,cbalmforth1r@google.de,Female,61.157.69.248
65,Armand,Kingsnorth,akingsnorth1s@chronoengine.com,Male,139.196.73.57
66,Arlin,Linfitt,alinfitt1t@bloomberg.com,Male,36.83.238.1
67,Bonny,Raithbie,braithbie1u@addtoany.com,Female,96.144.26.236
68,Lexy,Tebbut,ltebbut1v@skype.com,Female,104.77.57.64
69,Amery,Giacopetti,agiacopetti1w@tamu.edu,Male,238.55.156.72
70,Drew,Brehat,dbrehat1x@ftc.gov,Male,157.128.130.74
71,Gordan,Spenton,gspenton1y@t-online.de,Male,255.250.3.116
72,Aaren,Blackater,ablackater1z@vimeo.com,Female,197.130.154.29
73,Tymon,Kealey,tkealey20@yelp.com,Male,203.144.139.213
74,Quill,Scoffins,qscoffins21@virginia.edu,Male,247.167.224.136
75,Aila,Hullock,ahullock22@huffingtonpost.com,Female,54.17.229.48
76,Barbara-anne,O'Gaven,bogaven23@paginegialle.it,Female,104.32.110.115
77,Melanie,Willden,mwillden24@ucoz.com,Female,241.56.210.212
78,Darryl,Prine,dprine25@auda.org.au,Male,55.5.37.142
79,Tandie,Brennon,tbrennon26@theatlantic.com,Female,122.135.101.76
80,Elvina,Rockhall,erockhall27@goo.gl,Female,124.132.197.64
81,Horten,Greeve,hgreeve28@umn.edu,Male,164.189.235.139
82,Melissa,Nisot,mnisot29@un.org,Female,111.229.124.129
83,Alford,Fursse,afursse2a@google.cn,Male,46.198.249.63
84,Rory,Chaters,rchaters2b@indiatimes.com,Female,80.112.211.252
85,Germaine,Heersma,gheersma2c@163.com,Female,153.103.45.209
86,Belva,Holtom,bholtom2d@harvard.edu,Female,239.136.110.70
87,Gibbie,Gimblet,ggimblet2e@soundcloud.com,Male,90.163.228.247
88,Neal,Palfery,npalfery2f@princeton.edu,Male,154.37.183.205
89,Holly-anne,Whitehouse,hwhitehouse2g@xrea.com,Female,151.129.241.72
90,Leonerd,Di Napoli,ldinapoli2h@printfriendly.com,Male,30.181.78.112
91,Monika,Dionisio,mdionisio2i@bbc.co.uk,Female,216.181.115.87
92,Amelita,Harvie,aharvie2j@opera.com,Female,79.165.110.196
93,Krystle,Hayselden,khayselden2k@google.pl,Female,187.250.192.146
94,Nina,Bernhardi,nbernhardi2l@ovh.net,Female,127.85.151.241
95,Ugo,Tewkesbury,utewkesbury2m@house.gov,Male,164.210.199.2
96,Matias,Ornils,mornils2n@gnu.org,Male,224.178.78.152
97,Carce,Witherington,cwitherington2o@mayoclinic.com,Male,193.245.15.74
98,Vernen,Estoile,vestoile2p@is.gd,Male,124.161.26.253
99,Marcellus,Lockner,mlockner2q@ifeng.com,Male,164.136.136.10
100,Bone,Pauncefort,bpauncefort2r@shutterfly.com,Male,71.11.182.117
